# Catalog Locus ID	Cnt	sj_1483.01	sj_1484.01	sj_1819.35
704	3	C/C	T/T	T/T
984	3	T/T	T/T	C/C
1235	3	A/C	C/C	C/C
1679	3	CA/TG	CA/CG	CG/CG
2126	3	C/T	T/T	T/T
3082	3	CT/TC	CC/CC	CC/CC
4982	3	consensus	consensus	consensus
6119	3	CA/CG	CG/CG	TG/TG
7151	3	consensus	consensus	consensus
7632	3	consensus	consensus	consensus
9531	3	consensus	consensus	consensus
10945	3	C/C	C/T	C/C
12050	3	C/C	C/T	C/C
15046	3	consensus	consensus	consensus
15675	3	G/G	A/G	G/G
15910	3	consensus	consensus	consensus
16820	3	consensus	consensus	consensus
17502	3	consensus	consensus	consensus
21592	3	C/T	C/C	C/C
21701	3	consensus	consensus	consensus
25026	3	consensus	consensus	consensus
26221	3	GT/TC	GC/GC	GC/GC
26874	3	A/G	G/G	G/G
29347	3	CA/CA	AT/CA	AT/AT
29431	3	consensus	consensus	consensus
30610	3	consensus	consensus	consensus
31012	3	G/G	G/G	A/A
31573	3	TC/TT	GC/TC	TC/TC
33631	3	ATTT/ATTT	ACCC/GTTT	ATTT/ATTT
34560	3	consensus	consensus	consensus
40257	3	consensus	consensus	consensus
41156	3	A/G	G/G	G/G
42543	3	consensus	consensus	consensus
